Metric,Value
CV_Avg_Accuracy,0.8765401265401266
CV_Avg_Precision,0.8813958634065461
CV_Avg_Recall,0.8765401265401266
CV_Avg_F1,0.8760871925641546
Test_Accuracy,0.8690476190476191
Test_Precision,0.8829365079365078
Test_Recall,0.8690476190476191
Test_F1,0.8699633699633699
External (CGGA)_Accuracy,0.6923076923076923
External (CGGA)_Precision,0.7293466807165436
External (CGGA)_Recall,0.6923076923076923
External (CGGA)_F1,0.6987497351133715
