Metric,Value
CV_Avg_Accuracy,0.8752747252747252
CV_Avg_Precision,0.8798826607899205
CV_Avg_Recall,0.8752747252747252
CV_Avg_F1,0.8748913703163588
Test_Accuracy,0.8690476190476191
Test_Precision,0.8745014245014244
Test_Recall,0.8690476190476191
Test_F1,0.8698006517155453
External (CGGA)_Accuracy,0.6783216783216783
External (CGGA)_Precision,0.7128840607101476
External (CGGA)_Recall,0.6783216783216783
External (CGGA)_F1,0.6850071615131856
