Model,Pipeline,TCGA_AUC,CGGA_AUC,Gap,Percent_Drop
HeteroGATv2,SMOTE,0.8726,0.7863,0.08630000000000004,9.889983955993586
MOGAT,ROS,0.923,0.8092,0.11380000000000001,12.329360780065006
HeteroGATv2,No Balancing,0.8952,0.7732,0.122,13.628239499553171
