Model,Pipeline,TCGA_AUC,CGGA_AUC,Gap,Percent_Drop
SGNN,SMOTE,0.8418,0.6273,0.21450000000000002,25.481111903064864
SGNN,No Balancing,0.8469,0.6401,0.20679999999999998,24.418467351517297
FastHGTConv,ROS,0.9171,0.7215,0.1956,21.328099443899244
